nome,molde,silabas,com_status,combr_status,alerta_pronuncia,data_checagem,inpi_conferir_manual,handle_conferir_manual
freasoj,CVVCVC_medio,2,LIVRE,LIVRE,SIM,2026-08-07T21:33:31,SIM,SIM
cloacus,CVVCVC_medio,2,LIVRE,LIVRE,NAO,2026-08-07T21:33:31,SIM,SIM
laurej,CVVCVC_medio,2,LIVRE,LIVRE,SIM,2026-08-07T21:33:31,SIM,SIM
kiesuc,CVVCVC_medio,2,LIVRE,LIVRE,NAO,2026-08-07T21:33:31,SIM,SIM
foirel,CVVCVC_medio,2,LIVRE,LIVRE,NAO,2026-08-07T21:33:31,SIM,SIM
cliavuj,CVVCVC_medio,2,LIVRE,LIVRE,SIM,2026-08-07T21:33:31,SIM,SIM
deuzug,CVVCVC_medio,2,LIVRE,LIVRE,NAO,2026-08-07T21:33:31,SIM,SIM
vrienan,CVVCVC_medio,2,LIVRE,LIVRE,NAO,2026-08-07T21:33:31,SIM,SIM
cliukel,CVVCVC_medio,2,LIVRE,LIVRE,NAO,2026-08-07T21:33:31,SIM,SIM
traocuk,CVVCVC_medio,2,LIVRE,LIVRE,NAO,2026-08-07T21:33:31,SIM,SIM
daipob,CVVCVC_medio,2,LIVRE,LIVRE,NAO,2026-08-07T21:33:31,SIM,SIM
keobez,CVVCVC_medio,2,LIVRE,LIVRE,NAO,2026-08-07T21:33:31,SIM,SIM
kounoj,CVVCVC_medio,2,LIVRE,LIVRE,SIM,2026-08-07T21:33:31,SIM,SIM
zuacad,CVVCVC_medio,2,LIVRE,LIVRE,NAO,2026-08-07T21:33:31,SIM,SIM
pruuvic,CVVCVC_medio,2,LIVRE,LIVRE,NAO,2026-08-07T21:33:31,SIM,SIM
troefok,CVVCVC_medio,2,LIVRE,LIVRE,NAO,2026-08-07T21:33:31,SIM,SIM
joepov,CVVCVC_medio,2,LIVRE,LIVRE,SIM,2026-08-07T21:34:37,SIM,SIM
bloubod,CVVCVC_medio,2,LIVRE,LIVRE,NAO,2026-08-07T21:34:37,SIM,SIM
friukuc,CVVCVC_medio,2,LIVRE,LIVRE,NAO,2026-08-07T21:34:37,SIM,SIM
bleevim,CVVCVC_medio,2,LIVRE,LIVRE,NAO,2026-08-07T21:34:37,SIM,SIM
traisek,CVVCVC_medio,2,LIVRE,LIVRE,NAO,2026-08-07T21:34:37,SIM,SIM
suucop,CVVCVC_medio,2,LIVRE,LIVRE,NAO,2026-08-07T21:34:37,SIM,SIM
keumeb,CVVCVC_medio,2,LIVRE,LIVRE,NAO,2026-08-07T21:34:37,SIM,SIM
tuopab,CVVCVC_medio,2,LIVRE,LIVRE,NAO,2026-08-07T21:34:37,SIM,SIM
priujul,CVVCVC_medio,2,LIVRE,LIVRE,SIM,2026-08-07T21:34:37,SIM,SIM
meifed,CVVCVC_medio,2,LIVRE,LIVRE,NAO,2026-08-07T21:34:37,SIM,SIM
plueduc,CVVCVC_medio,2,LIVRE,LIVRE,NAO,2026-08-07T21:34:37,SIM,SIM
flaujut,CVVCVC_medio,2,LIVRE,LIVRE,SIM,2026-08-07T21:34:37,SIM,SIM
ploofam,CVVCVC_medio,2,LIVRE,LIVRE,NAO,2026-08-07T21:34:37,SIM,SIM
geujap,CVVCVC_medio,2,LIVRE,LIVRE,SIM,2026-08-07T21:34:37,SIM,SIM
blaugib,CVVCVC_medio,2,LIVRE,LIVRE,NAO,2026-08-07T21:34:37,SIM,SIM
taepod,CVVCVC_medio,2,LIVRE,LIVRE,NAO,2026-08-07T21:34:37,SIM,SIM
peonez,CVVCVC_medio,2,LIVRE,LIVRE,NAO,2026-08-07T21:34:37,SIM,SIM
geatup,CVVCVC_medio,2,LIVRE,LIVRE,NAO,2026-08-07T21:34:37,SIM,SIM
keagij,CVVCVC_medio,2,LIVRE,LIVRE,SIM,2026-08-07T21:34:37,SIM,SIM
fleofum,CVVCVC_medio,2,LIVRE,LIVRE,NAO,2026-08-07T21:34:37,SIM,SIM
peamaj,CVVCVC_medio,2,LIVRE,LIVRE,SIM,2026-08-07T21:34:37,SIM,SIM
roekob,CVVCVC_medio,2,LIVRE,LIVRE,NAO,2026-08-07T21:36:29,SIM,SIM
puucuf,CVVCVC_medio,2,LIVRE,LIVRE,NAO,2026-08-07T21:36:29,SIM,SIM
piepep,CVVCVC_medio,2,LIVRE,LIVRE,NAO,2026-08-07T21:36:29,SIM,SIM
graegus,CVVCVC_medio,2,LIVRE,LIVRE,NAO,2026-08-07T21:36:29,SIM,SIM
luavod,CVVCVC_medio,2,LIVRE,LIVRE,NAO,2026-08-07T21:36:29,SIM,SIM
plougic,CVVCVC_medio,2,LIVRE,LIVRE,NAO,2026-08-07T21:36:29,SIM,SIM
biedon,CVVCVC_medio,2,LIVRE,LIVRE,NAO,2026-08-07T21:36:29,SIM,SIM
cleajub,CVVCVC_medio,2,LIVRE,LIVRE,SIM,2026-08-07T21:36:29,SIM,SIM
veibuv,CVVCVC_medio,2,LIVRE,LIVRE,NAO,2026-08-07T21:36:29,SIM,SIM
bruamur,CVVCVC_medio,2,LIVRE,LIVRE,NAO,2026-08-07T21:36:29,SIM,SIM
faumum,CVVCVC_medio,2,LIVRE,LIVRE,NAO,2026-08-07T21:36:29,SIM,SIM
roaged,CVVCVC_medio,2,LIVRE,LIVRE,NAO,2026-08-07T21:36:29,SIM,SIM
treopaj,CVVCVC_medio,2,LIVRE,LIVRE,SIM,2026-08-07T21:36:29,SIM,SIM
meejoly,CVVCV_ly,3,LIVRE,LIVRE,SIM,2026-08-07T21:36:29,SIM,SIM
raegup,CVVCVC_medio,2,LIVRE,LIVRE,NAO,2026-08-07T21:36:29,SIM,SIM
praumim,CVVCVC_medio,2,LIVRE,LIVRE,NAO,2026-08-07T21:36:29,SIM,SIM
jiegeg,CVVCVC_medio,2,LIVRE,LIVRE,SIM,2026-08-07T21:36:29,SIM,SIM
fruotav,CVVCVC_medio,2,LIVRE,LIVRE,NAO,2026-08-07T21:37:28,SIM,SIM
koapor,CVVCVC_medio,2,LIVRE,LIVRE,NAO,2026-08-07T21:37:28,SIM,SIM
floedet,CVVCVC_medio,2,LIVRE,LIVRE,NAO,2026-08-07T21:37:28,SIM,SIM
moeles,CVVCVC_medio,2,LIVRE,LIVRE,NAO,2026-08-07T21:37:28,SIM,SIM
kourev,CVVCVC_medio,2,LIVRE,LIVRE,NAO,2026-08-07T21:37:28,SIM,SIM
deosap,CVVCVC_medio,2,LIVRE,LIVRE,NAO,2026-08-07T21:37:28,SIM,SIM
roeneg,CVVCVC_medio,2,LIVRE,LIVRE,NAO,2026-08-07T21:37:28,SIM,SIM
frairec,CVVCVC_medio,2,LIVRE,LIVRE,NAO,2026-08-07T21:37:28,SIM,SIM
poufaly,CVVCV_ly,3,LIVRE,LIVRE,NAO,2026-08-07T21:37:28,SIM,SIM
raozaz,CVVCVC_medio,2,LIVRE,LIVRE,NAO,2026-08-07T21:37:28,SIM,SIM
reojuf,CVVCVC_medio,2,LIVRE,LIVRE,SIM,2026-08-07T21:37:28,SIM,SIM
vroifob,CVVCVC_medio,2,LIVRE,LIVRE,NAO,2026-08-07T21:37:28,SIM,SIM
friivic,CVVCVC_medio,2,LIVRE,LIVRE,NAO,2026-08-07T21:37:28,SIM,SIM
ceugag,CVVCVC_medio,2,LIVRE,LIVRE,NAO,2026-08-07T21:37:28,SIM,SIM
greasev,CVVCVC_medio,2,LIVRE,LIVRE,NAO,2026-08-07T21:37:28,SIM,SIM
brootet,CVVCVC_medio,2,LIVRE,LIVRE,NAO,2026-08-07T21:38:07,SIM,SIM
clautud,CVVCVC_medio,2,LIVRE,LIVRE,NAO,2026-08-07T21:38:07,SIM,SIM
laupaz,CVVCVC_medio,2,LIVRE,LIVRE,NAO,2026-08-07T21:38:07,SIM,SIM
giikiv,CVVCVC_medio,2,LIVRE,LIVRE,NAO,2026-08-07T21:38:07,SIM,SIM
veukid,CVVCVC_medio,2,LIVRE,LIVRE,NAO,2026-08-07T21:38:07,SIM,SIM
roebev,CVVCVC_medio,2,LIVRE,LIVRE,NAO,2026-08-07T21:38:07,SIM,SIM
maakem,CVVCVC_medio,2,LIVRE,LIVRE,NAO,2026-08-07T21:38:07,SIM,SIM
vruebit,CVVCVC_medio,2,LIVRE,LIVRE,NAO,2026-08-07T21:38:07,SIM,SIM
triipur,CVVCVC_medio,2,LIVRE,LIVRE,NAO,2026-08-07T21:38:07,SIM,SIM
keoten,CVVCVC_medio,2,LIVRE,LIVRE,NAO,2026-08-07T21:38:07,SIM,SIM
floonap,CVVCVC_medio,2,LIVRE,LIVRE,NAO,2026-08-07T21:38:07,SIM,SIM
koenup,CVVCVC_medio,2,LIVRE,LIVRE,NAO,2026-08-07T21:38:07,SIM,SIM
geafely,CVVCV_ly,3,LIVRE,LIVRE,NAO,2026-08-07T21:38:07,SIM,SIM
baesov,CVVCVC_medio,2,LIVRE,LIVRE,NAO,2026-08-07T21:38:07,SIM,SIM
ploimum,CVVCVC_medio,2,LIVRE,LIVRE,NAO,2026-08-07T21:38:07,SIM,SIM
niizos,CVVCVC_medio,2,LIVRE,LIVRE,NAO,2026-08-07T21:38:07,SIM,SIM
seozed,CVVCVC_medio,2,LIVRE,LIVRE,NAO,2026-08-07T21:38:07,SIM,SIM
luonat,CVVCVC_medio,2,LIVRE,LIVRE,NAO,2026-08-07T21:38:07,SIM,SIM
cauzat,CVVCVC_medio,2,LIVRE,LIVRE,NAO,2026-08-07T21:38:53,SIM,SIM
kaeref,CVVCVC_medio,2,LIVRE,LIVRE,NAO,2026-08-07T21:38:53,SIM,SIM
truedak,CVVCVC_medio,2,LIVRE,LIVRE,NAO,2026-08-07T21:38:53,SIM,SIM
bluanoj,CVVCVC_medio,2,LIVRE,LIVRE,SIM,2026-08-07T21:38:53,SIM,SIM
niijim,CVVCVC_medio,2,LIVRE,LIVRE,SIM,2026-08-07T21:38:53,SIM,SIM
kaobut,CVVCVC_medio,2,LIVRE,LIVRE,NAO,2026-08-07T21:38:53,SIM,SIM
froubec,CVVCVC_medio,2,LIVRE,LIVRE,NAO,2026-08-07T21:38:53,SIM,SIM
zoaban,CVVCVC_medio,2,LIVRE,LIVRE,NAO,2026-08-07T21:38:53,SIM,SIM
saukan,CVVCVC_medio,2,LIVRE,LIVRE,NAO,2026-08-07T21:38:53,SIM,SIM
freonun,CVVCVC_medio,2,LIVRE,LIVRE,NAO,2026-08-07T21:38:53,SIM,SIM
fualen,CVVCVC_medio,2,LIVRE,LIVRE,NAO,2026-08-07T21:38:53,SIM,SIM
luefer,CVVCVC_medio,2,LIVRE,LIVRE,NAO,2026-08-07T21:38:53,SIM,SIM
foisip,CVVCVC_medio,2,LIVRE,LIVRE,NAO,2026-08-07T21:38:53,SIM,SIM
leedav,CVVCVC_medio,2,LIVRE,LIVRE,NAO,2026-08-07T21:38:53,SIM,SIM
cloizib,CVVCVC_medio,2,LIVRE,LIVRE,NAO,2026-08-07T21:38:53,SIM,SIM
troejem,CVVCVC_medio,2,LIVRE,LIVRE,SIM,2026-08-07T21:38:53,SIM,SIM
bruitek,CVVCVC_medio,2,LIVRE,LIVRE,NAO,2026-08-07T21:38:53,SIM,SIM
cloupar,CVVCVC_medio,2,LIVRE,LIVRE,NAO,2026-08-07T21:38:53,SIM,SIM
priamag,CVVCVC_medio,2,LIVRE,LIVRE,NAO,2026-08-07T21:38:53,SIM,SIM
preupas,CVVCVC_medio,2,LIVRE,LIVRE,NAO,2026-08-07T21:38:53,SIM,SIM
raenom,CVVCVC_medio,2,LIVRE,LIVRE,NAO,2026-08-07T21:38:53,SIM,SIM
foerer,CVVCVC_medio,2,LIVRE,LIVRE,NAO,2026-08-07T21:39:33,SIM,SIM
zuomas,CVVCVC_medio,2,LIVRE,LIVRE,NAO,2026-08-07T21:39:33,SIM,SIM
ziagob,CVVCVC_medio,2,LIVRE,LIVRE,NAO,2026-08-07T21:39:33,SIM,SIM
daajov,CVVCVC_medio,2,LIVRE,LIVRE,SIM,2026-08-07T21:39:33,SIM,SIM
flaevac,CVVCVC_medio,2,LIVRE,LIVRE,NAO,2026-08-07T21:39:33,SIM,SIM
biufat,CVVCVC_medio,2,LIVRE,LIVRE,NAO,2026-08-07T21:39:33,SIM,SIM
doezez,CVVCVC_medio,2,LIVRE,LIVRE,NAO,2026-08-07T21:39:33,SIM,SIM
gaorag,CVVCVC_medio,2,LIVRE,LIVRE,NAO,2026-08-07T21:39:33,SIM,SIM
gruavet,CVVCVC_medio,2,LIVRE,LIVRE,NAO,2026-08-07T21:39:33,SIM,SIM
geunib,CVVCVC_medio,2,LIVRE,LIVRE,NAO,2026-08-07T21:39:33,SIM,SIM
pleetiz,CVVCVC_medio,2,LIVRE,LIVRE,NAO,2026-08-07T21:39:33,SIM,SIM
vriural,CVVCVC_medio,2,LIVRE,LIVRE,NAO,2026-08-07T21:39:33,SIM,SIM
taegoc,CVVCVC_medio,2,LIVRE,LIVRE,NAO,2026-08-07T21:39:33,SIM,SIM
pruagel,CVVCVC_medio,2,LIVRE,LIVRE,NAO,2026-08-07T21:39:33,SIM,SIM
caisab,CVVCVC_medio,2,LIVRE,LIVRE,NAO,2026-08-07T21:39:33,SIM,SIM
ruakis,CVVCVC_medio,2,LIVRE,LIVRE,NAO,2026-08-07T21:39:33,SIM,SIM
roisuz,CVVCVC_medio,2,LIVRE,LIVRE,NAO,2026-08-07T21:39:33,SIM,SIM
proutic,CVVCVC_medio,2,LIVRE,LIVRE,NAO,2026-08-07T21:39:33,SIM,SIM
viugar,CVVCVC_medio,2,LIVRE,LIVRE,NAO,2026-08-07T21:39:33,SIM,SIM
briupus,CVVCVC_medio,2,LIVRE,LIVRE,NAO,2026-08-07T21:39:33,SIM,SIM
liacid,CVVCVC_medio,2,LIVRE,LIVRE,NAO,2026-08-07T21:39:33,SIM,SIM
treunop,CVVCVC_medio,2,LIVRE,LIVRE,NAO,2026-08-07T21:39:33,SIM,SIM
vriumik,CVVCVC_medio,2,LIVRE,LIVRE,NAO,2026-08-07T21:39:33,SIM,SIM
bluivov,CVVCVC_medio,2,LIVRE,LIVRE,NAO,2026-08-07T21:40:52,SIM,SIM
duebas,CVVCVC_medio,2,LIVRE,LIVRE,NAO,2026-08-07T21:40:52,SIM,SIM
vroarep,CVVCVC_medio,2,LIVRE,LIVRE,NAO,2026-08-07T21:40:52,SIM,SIM
bruedop,CVVCVC_medio,2,LIVRE,LIVRE,NAO,2026-08-07T21:40:52,SIM,SIM
cluitec,CVVCVC_medio,2,LIVRE,LIVRE,NAO,2026-08-07T21:40:52,SIM,SIM
luitak,CVVCVC_medio,2,LIVRE,LIVRE,NAO,2026-08-07T21:40:52,SIM,SIM
fliiler,CVVCVC_medio,2,LIVRE,LIVRE,NAO,2026-08-07T21:40:52,SIM,SIM
freibur,CVVCVC_medio,2,LIVRE,LIVRE,NAO,2026-08-07T21:40:52,SIM,SIM
peomib,CVVCVC_medio,2,LIVRE,LIVRE,NAO,2026-08-07T21:40:52,SIM,SIM
tierat,CVVCVC_medio,2,LIVRE,LIVRE,NAO,2026-08-07T21:40:52,SIM,SIM
vaijog,CVVCVC_medio,2,LIVRE,LIVRE,SIM,2026-08-07T21:40:52,SIM,SIM
bluubuj,CVVCVC_medio,2,LIVRE,LIVRE,SIM,2026-08-07T21:40:52,SIM,SIM
bluicab,CVVCVC_medio,2,LIVRE,LIVRE,NAO,2026-08-07T21:40:52,SIM,SIM
louzoj,CVVCVC_medio,2,LIVRE,LIVRE,SIM,2026-08-07T21:40:52,SIM,SIM
fleezoj,CVVCVC_medio,2,LIVRE,LIVRE,SIM,2026-08-07T21:40:52,SIM,SIM
jaabak,CVVCVC_medio,2,LIVRE,LIVRE,SIM,2026-08-07T21:40:52,SIM,SIM
zuezov,CVVCVC_medio,2,LIVRE,LIVRE,NAO,2026-08-07T21:40:52,SIM,SIM
diugiz,CVVCVC_medio,2,LIVRE,LIVRE,NAO,2026-08-07T21:40:52,SIM,SIM
baabac,CVVCVC_medio,2,LIVRE,LIVRE,NAO,2026-08-08T12:02:51,SIM,SIM
baabaf,CVVCVC_medio,2,LIVRE,LIVRE,NAO,2026-08-08T12:02:51,SIM,SIM
baabaj,CVVCVC_medio,2,LIVRE,LIVRE,SIM,2026-08-08T12:02:51,SIM,SIM
baabap,CVVCVC_medio,2,LIVRE,LIVRE,NAO,2026-08-08T12:02:51,SIM,SIM
baabeg,CVVCVC_medio,2,LIVRE,LIVRE,NAO,2026-08-08T12:02:51,SIM,SIM
baabej,CVVCVC_medio,2,LIVRE,LIVRE,SIM,2026-08-08T12:02:51,SIM,SIM
baabem,CVVCVC_medio,2,LIVRE,LIVRE,NAO,2026-08-08T12:02:51,SIM,SIM
baabev,CVVCVC_medio,2,LIVRE,LIVRE,NAO,2026-08-08T12:03:41,SIM,SIM
baabib,CVVCVC_medio,2,LIVRE,LIVRE,NAO,2026-08-08T12:03:41,SIM,SIM
baabic,CVVCVC_medio,2,LIVRE,LIVRE,NAO,2026-08-08T12:03:41,SIM,SIM
baabid,CVVCVC_medio,2,LIVRE,LIVRE,NAO,2026-08-08T12:03:41,SIM,SIM
baabif,CVVCVC_medio,2,LIVRE,LIVRE,NAO,2026-08-08T12:03:41,SIM,SIM
baabig,CVVCVC_medio,2,LIVRE,LIVRE,NAO,2026-08-08T12:03:41,SIM,SIM
baabip,CVVCVC_medio,2,LIVRE,LIVRE,NAO,2026-08-08T12:03:41,SIM,SIM
baabiv,CVVCVC_medio,2,LIVRE,LIVRE,NAO,2026-08-08T12:03:41,SIM,SIM
baabiz,CVVCVC_medio,2,LIVRE,LIVRE,NAO,2026-08-08T12:03:41,SIM,SIM
baabob,CVVCVC_medio,2,LIVRE,LIVRE,NAO,2026-08-08T12:03:41,SIM,SIM
baaboc,CVVCVC_medio,2,LIVRE,LIVRE,NAO,2026-08-08T12:03:41,SIM,SIM
baabof,CVVCVC_medio,2,LIVRE,LIVRE,NAO,2026-08-08T12:04:20,SIM,SIM
baabog,CVVCVC_medio,2,LIVRE,LIVRE,NAO,2026-08-08T12:04:20,SIM,SIM
baaboj,CVVCVC_medio,2,LIVRE,LIVRE,SIM,2026-08-08T12:04:20,SIM,SIM
baabok,CVVCVC_medio,2,LIVRE,LIVRE,NAO,2026-08-08T12:04:20,SIM,SIM
baabom,CVVCVC_medio,2,LIVRE,LIVRE,NAO,2026-08-08T12:04:20,SIM,SIM
baabop,CVVCVC_medio,2,LIVRE,LIVRE,NAO,2026-08-08T12:04:20,SIM,SIM
baabot,CVVCVC_medio,2,LIVRE,LIVRE,NAO,2026-08-08T12:04:20,SIM,SIM
baabov,CVVCVC_medio,2,LIVRE,LIVRE,NAO,2026-08-08T12:04:20,SIM,SIM
baaboz,CVVCVC_medio,2,LIVRE,LIVRE,NAO,2026-08-08T12:04:20,SIM,SIM
baabub,CVVCVC_medio,2,LIVRE,LIVRE,NAO,2026-08-08T12:04:20,SIM,SIM
baabun,CVVCVC_medio,2,LIVRE,LIVRE,NAO,2026-08-08T12:04:20,SIM,SIM
baabup,CVVCVC_medio,2,LIVRE,LIVRE,NAO,2026-08-08T12:04:20,SIM,SIM
baabut,CVVCVC_medio,2,LIVRE,LIVRE,NAO,2026-08-08T12:06:02,SIM,SIM
baabuv,CVVCVC_medio,2,LIVRE,LIVRE,NAO,2026-08-08T12:06:02,SIM,SIM
baabuz,CVVCVC_medio,2,LIVRE,LIVRE,NAO,2026-08-08T12:06:02,SIM,SIM
baacac,CVVCVC_medio,2,LIVRE,LIVRE,NAO,2026-08-08T12:06:02,SIM,SIM
baacaf,CVVCVC_medio,2,LIVRE,LIVRE,NAO,2026-08-08T12:06:02,SIM,SIM
baacag,CVVCVC_medio,2,LIVRE,LIVRE,NAO,2026-08-08T12:06:02,SIM,SIM
baacat,CVVCVC_medio,2,LIVRE,LIVRE,NAO,2026-08-08T12:06:02,SIM,SIM
baacav,CVVCVC_medio,2,LIVRE,LIVRE,NAO,2026-08-08T12:06:02,SIM,SIM
baacaz,CVVCVC_medio,2,LIVRE,LIVRE,NAO,2026-08-08T12:06:02,SIM,SIM
baaceb,CVVCVC_medio,2,LIVRE,LIVRE,NAO,2026-08-08T12:06:02,SIM,SIM
baacec,CVVCVC_medio,2,LIVRE,LIVRE,NAO,2026-08-08T12:06:02,SIM,SIM
baaced,CVVCVC_medio,2,LIVRE,LIVRE,NAO,2026-08-08T12:06:02,SIM,SIM
baacef,CVVCVC_medio,2,LIVRE,LIVRE,NAO,2026-08-08T12:06:02,SIM,SIM
baaceg,CVVCVC_medio,2,LIVRE,LIVRE,NAO,2026-08-08T12:07:41,SIM,SIM
baacej,CVVCVC_medio,2,LIVRE,LIVRE,SIM,2026-08-08T12:07:41,SIM,SIM
baacek,CVVCVC_medio,2,LIVRE,LIVRE,NAO,2026-08-08T12:07:41,SIM,SIM
baacel,CVVCVC_medio,2,LIVRE,LIVRE,NAO,2026-08-08T12:07:41,SIM,SIM
baacem,CVVCVC_medio,2,LIVRE,LIVRE,NAO,2026-08-08T12:07:41,SIM,SIM
baacen,CVVCVC_medio,2,LIVRE,LIVRE,NAO,2026-08-08T12:07:41,SIM,SIM
baacep,CVVCVC_medio,2,LIVRE,LIVRE,NAO,2026-08-08T12:07:41,SIM,SIM
baacer,CVVCVC_medio,2,LIVRE,LIVRE,NAO,2026-08-08T12:07:41,SIM,SIM
baaces,CVVCVC_medio,2,LIVRE,LIVRE,NAO,2026-08-08T12:07:41,SIM,SIM
baacet,CVVCVC_medio,2,LIVRE,LIVRE,NAO,2026-08-08T12:07:41,SIM,SIM
baacev,CVVCVC_medio,2,LIVRE,LIVRE,NAO,2026-08-08T12:07:41,SIM,SIM
baacez,CVVCVC_medio,2,LIVRE,LIVRE,NAO,2026-08-08T12:07:41,SIM,SIM
baacib,CVVCVC_medio,2,LIVRE,LIVRE,NAO,2026-08-08T12:07:41,SIM,SIM
baacic,CVVCVC_medio,2,LIVRE,LIVRE,NAO,2026-08-08T12:07:41,SIM,SIM
baacid,CVVCVC_medio,2,LIVRE,LIVRE,NAO,2026-08-08T12:07:41,SIM,SIM
baacif,CVVCVC_medio,2,LIVRE,LIVRE,NAO,2026-08-08T12:07:41,SIM,SIM
baacig,CVVCVC_medio,2,LIVRE,LIVRE,NAO,2026-08-08T12:07:41,SIM,SIM
baacij,CVVCVC_medio,2,LIVRE,LIVRE,SIM,2026-08-08T12:07:41,SIM,SIM
baacim,CVVCVC_medio,2,LIVRE,LIVRE,NAO,2026-08-08T12:07:41,SIM,SIM
baacin,CVVCVC_medio,2,LIVRE,LIVRE,NAO,2026-08-08T12:07:41,SIM,SIM
baacip,CVVCVC_medio,2,LIVRE,LIVRE,NAO,2026-08-08T12:07:41,SIM,SIM
baacir,CVVCVC_medio,2,LIVRE,LIVRE,NAO,2026-08-08T12:07:41,SIM,SIM
baabaly,CVVCV_ly,3,LIVRE,LIVRE,NAO,2026-08-08T21:24:13,SIM,SIM
baabely,CVVCV_ly,3,LIVRE,LIVRE,NAO,2026-08-08T21:24:13,SIM,SIM
baabily,CVVCV_ly,3,LIVRE,LIVRE,NAO,2026-08-08T21:24:13,SIM,SIM
baaboly,CVVCV_ly,3,LIVRE,LIVRE,NAO,2026-08-08T21:24:13,SIM,SIM
baabuly,CVVCV_ly,3,LIVRE,LIVRE,NAO,2026-08-08T21:24:13,SIM,SIM
baacaly,CVVCV_ly,3,LIVRE,LIVRE,NAO,2026-08-08T21:24:13,SIM,SIM
baacely,CVVCV_ly,3,LIVRE,LIVRE,NAO,2026-08-08T21:24:13,SIM,SIM
baacily,CVVCV_ly,3,LIVRE,LIVRE,NAO,2026-08-08T21:24:13,SIM,SIM
baacoly,CVVCV_ly,3,LIVRE,LIVRE,NAO,2026-08-08T21:24:13,SIM,SIM
baaculy,CVVCV_ly,3,LIVRE,LIVRE,NAO,2026-08-08T21:24:13,SIM,SIM
baadaly,CVVCV_ly,3,LIVRE,LIVRE,NAO,2026-08-08T21:24:13,SIM,SIM
baadely,CVVCV_ly,3,LIVRE,LIVRE,NAO,2026-08-08T21:24:13,SIM,SIM
baadily,CVVCV_ly,3,LIVRE,LIVRE,NAO,2026-08-08T21:24:13,SIM,SIM
baadoly,CVVCV_ly,3,LIVRE,LIVRE,NAO,2026-08-08T21:24:13,SIM,SIM
baaduly,CVVCV_ly,3,LIVRE,LIVRE,NAO,2026-08-08T21:24:13,SIM,SIM
baafaly,CVVCV_ly,3,LIVRE,LIVRE,NAO,2026-08-08T21:24:13,SIM,SIM
baafely,CVVCV_ly,3,LIVRE,LIVRE,NAO,2026-08-08T21:24:13,SIM,SIM
baajaly,CVVCV_ly,3,LIVRE,LIVRE,SIM,2026-08-08T21:25:28,SIM,SIM
baajely,CVVCV_ly,3,LIVRE,LIVRE,SIM,2026-08-08T21:25:28,SIM,SIM
baajily,CVVCV_ly,3,LIVRE,LIVRE,SIM,2026-08-08T21:25:28,SIM,SIM
baajoly,CVVCV_ly,3,LIVRE,LIVRE,SIM,2026-08-08T21:25:28,SIM,SIM
baajuly,CVVCV_ly,3,LIVRE,LIVRE,SIM,2026-08-08T21:25:28,SIM,SIM
baakaly,CVVCV_ly,3,LIVRE,LIVRE,NAO,2026-08-08T21:25:28,SIM,SIM
baakely,CVVCV_ly,3,LIVRE,LIVRE,NAO,2026-08-08T21:25:28,SIM,SIM
baakily,CVVCV_ly,3,LIVRE,LIVRE,NAO,2026-08-08T21:25:28,SIM,SIM
baakoly,CVVCV_ly,3,LIVRE,LIVRE,NAO,2026-08-08T21:25:28,SIM,SIM
baakuly,CVVCV_ly,3,LIVRE,LIVRE,NAO,2026-08-08T21:25:28,SIM,SIM
baalaly,CVVCV_ly,3,LIVRE,LIVRE,NAO,2026-08-08T21:25:28,SIM,SIM
baalely,CVVCV_ly,3,LIVRE,LIVRE,NAO,2026-08-08T21:25:28,SIM,SIM
baalily,CVVCV_ly,3,LIVRE,LIVRE,NAO,2026-08-08T21:25:28,SIM,SIM
baaloly,CVVCV_ly,3,LIVRE,LIVRE,NAO,2026-08-08T21:25:28,SIM,SIM
baaluly,CVVCV_ly,3,LIVRE,LIVRE,NAO,2026-08-08T21:25:28,SIM,SIM
baamely,CVVCV_ly,3,LIVRE,LIVRE,NAO,2026-08-08T21:25:28,SIM,SIM
baamily,CVVCV_ly,3,LIVRE,LIVRE,NAO,2026-08-08T21:25:28,SIM,SIM
baamoly,CVVCV_ly,3,LIVRE,LIVRE,NAO,2026-08-08T21:25:28,SIM,SIM
baamuly,CVVCV_ly,3,LIVRE,LIVRE,NAO,2026-08-08T21:25:28,SIM,SIM
baanaly,CVVCV_ly,3,LIVRE,LIVRE,NAO,2026-08-08T21:25:28,SIM,SIM
baanely,CVVCV_ly,3,LIVRE,LIVRE,NAO,2026-08-08T21:25:28,SIM,SIM
baanily,CVVCV_ly,3,LIVRE,LIVRE,NAO,2026-08-08T21:25:28,SIM,SIM
baanoly,CVVCV_ly,3,LIVRE,LIVRE,NAO,2026-08-08T21:25:28,SIM,SIM
baanuly,CVVCV_ly,3,LIVRE,LIVRE,NAO,2026-08-08T21:25:28,SIM,SIM
baapaly,CVVCV_ly,3,LIVRE,LIVRE,NAO,2026-08-08T21:25:28,SIM,SIM
baapely,CVVCV_ly,3,LIVRE,LIVRE,NAO,2026-08-08T21:26:57,SIM,SIM
baapily,CVVCV_ly,3,LIVRE,LIVRE,NAO,2026-08-08T21:26:57,SIM,SIM
baapoly,CVVCV_ly,3,LIVRE,LIVRE,NAO,2026-08-08T21:26:57,SIM,SIM
baapuly,CVVCV_ly,3,LIVRE,LIVRE,NAO,2026-08-08T21:26:57,SIM,SIM
baaraly,CVVCV_ly,3,LIVRE,LIVRE,NAO,2026-08-08T21:26:57,SIM,SIM
baarily,CVVCV_ly,3,LIVRE,LIVRE,NAO,2026-08-08T21:26:57,SIM,SIM
baaroly,CVVCV_ly,3,LIVRE,LIVRE,NAO,2026-08-08T21:26:57,SIM,SIM
baaruly,CVVCV_ly,3,LIVRE,LIVRE,NAO,2026-08-08T21:26:57,SIM,SIM
baasaly,CVVCV_ly,3,LIVRE,LIVRE,NAO,2026-08-08T21:26:57,SIM,SIM
baasely,CVVCV_ly,3,LIVRE,LIVRE,NAO,2026-08-08T21:26:57,SIM,SIM
baasily,CVVCV_ly,3,LIVRE,LIVRE,NAO,2026-08-08T21:26:57,SIM,SIM
baasoly,CVVCV_ly,3,LIVRE,LIVRE,NAO,2026-08-08T21:26:57,SIM,SIM
baasuly,CVVCV_ly,3,LIVRE,LIVRE,NAO,2026-08-08T21:26:57,SIM,SIM
baataly,CVVCV_ly,3,LIVRE,LIVRE,NAO,2026-08-08T21:26:57,SIM,SIM
baately,CVVCV_ly,3,LIVRE,LIVRE,NAO,2026-08-08T21:26:57,SIM,SIM
baatily,CVVCV_ly,3,LIVRE,LIVRE,NAO,2026-08-08T21:26:57,SIM,SIM
baatoly,CVVCV_ly,3,LIVRE,LIVRE,NAO,2026-08-08T21:26:57,SIM,SIM
baatuly,CVVCV_ly,3,LIVRE,LIVRE,NAO,2026-08-08T21:26:57,SIM,SIM
baavaly,CVVCV_ly,3,LIVRE,LIVRE,NAO,2026-08-08T21:26:57,SIM,SIM
baavely,CVVCV_ly,3,LIVRE,LIVRE,NAO,2026-08-08T21:26:57,SIM,SIM
baavily,CVVCV_ly,3,LIVRE,LIVRE,NAO,2026-08-08T21:26:57,SIM,SIM
baavoly,CVVCV_ly,3,LIVRE,LIVRE,NAO,2026-08-08T21:26:57,SIM,SIM
baavuly,CVVCV_ly,3,LIVRE,LIVRE,NAO,2026-08-08T21:26:57,SIM,SIM
baazaly,CVVCV_ly,3,LIVRE,LIVRE,NAO,2026-08-08T21:26:57,SIM,SIM
baazely,CVVCV_ly,3,LIVRE,LIVRE,NAO,2026-08-08T21:27:48,SIM,SIM
baazily,CVVCV_ly,3,LIVRE,LIVRE,NAO,2026-08-08T21:27:48,SIM,SIM
baazoly,CVVCV_ly,3,LIVRE,LIVRE,NAO,2026-08-08T21:27:48,SIM,SIM
baazuly,CVVCV_ly,3,LIVRE,LIVRE,NAO,2026-08-08T21:27:48,SIM,SIM
baebaly,CVVCV_ly,3,LIVRE,LIVRE,NAO,2026-08-08T21:27:48,SIM,SIM
baebely,CVVCV_ly,3,LIVRE,LIVRE,NAO,2026-08-08T21:27:48,SIM,SIM
baeboly,CVVCV_ly,3,LIVRE,LIVRE,NAO,2026-08-08T21:27:48,SIM,SIM
baebuly,CVVCV_ly,3,LIVRE,LIVRE,NAO,2026-08-08T21:27:48,SIM,SIM
baecaly,CVVCV_ly,3,LIVRE,LIVRE,NAO,2026-08-08T21:27:48,SIM,SIM
baecely,CVVCV_ly,3,LIVRE,LIVRE,NAO,2026-08-08T21:27:48,SIM,SIM
baecily,CVVCV_ly,3,LIVRE,LIVRE,NAO,2026-08-08T21:27:48,SIM,SIM
baecoly,CVVCV_ly,3,LIVRE,LIVRE,NAO,2026-08-08T21:27:48,SIM,SIM
baeculy,CVVCV_ly,3,LIVRE,LIVRE,NAO,2026-08-08T21:27:48,SIM,SIM
baedaly,CVVCV_ly,3,LIVRE,LIVRE,NAO,2026-08-08T21:27:48,SIM,SIM
baedely,CVVCV_ly,3,LIVRE,LIVRE,NAO,2026-08-08T21:27:48,SIM,SIM
baedily,CVVCV_ly,3,LIVRE,LIVRE,NAO,2026-08-08T21:27:48,SIM,SIM
baedoly,CVVCV_ly,3,LIVRE,LIVRE,NAO,2026-08-08T21:27:48,SIM,SIM
baeduly,CVVCV_ly,3,LIVRE,LIVRE,NAO,2026-08-08T21:27:48,SIM,SIM
baefaly,CVVCV_ly,3,LIVRE,LIVRE,NAO,2026-08-08T21:27:48,SIM,SIM
baefely,CVVCV_ly,3,LIVRE,LIVRE,NAO,2026-08-08T21:27:48,SIM,SIM
baefily,CVVCV_ly,3,LIVRE,LIVRE,NAO,2026-08-08T21:27:48,SIM,SIM
baefoly,CVVCV_ly,3,LIVRE,LIVRE,NAO,2026-08-08T21:27:48,SIM,SIM
baefuly,CVVCV_ly,3,LIVRE,LIVRE,NAO,2026-08-08T21:27:48,SIM,SIM
baegaly,CVVCV_ly,3,LIVRE,LIVRE,NAO,2026-08-08T21:27:48,SIM,SIM
jietily,CVVCV_ly,3,LIVRE,LIVRE,SIM,2026-08-08T21:37:28,SIM,SIM
zuenoly,CVVCV_ly,3,LIVRE,LIVRE,NAO,2026-08-08T21:37:28,SIM,SIM
diotoly,CVVCV_ly,3,LIVRE,LIVRE,NAO,2026-08-08T21:37:28,SIM,SIM
koejoly,CVVCV_ly,3,LIVRE,LIVRE,SIM,2026-08-08T21:37:28,SIM,SIM
puocaly,CVVCV_ly,3,LIVRE,LIVRE,NAO,2026-08-08T21:37:28,SIM,SIM
buacely,CVVCV_ly,3,LIVRE,LIVRE,NAO,2026-08-08T21:37:28,SIM,SIM
ceaculy,CVVCV_ly,3,LIVRE,LIVRE,NAO,2026-08-08T21:37:28,SIM,SIM
toovily,CVVCV_ly,3,LIVRE,LIVRE,NAO,2026-08-08T21:37:28,SIM,SIM
naabily,CVVCV_ly,3,LIVRE,LIVRE,NAO,2026-08-08T21:37:28,SIM,SIM
ciudely,CVVCV_ly,3,LIVRE,LIVRE,NAO,2026-08-08T21:37:28,SIM,SIM
kaufuly,CVVCV_ly,3,LIVRE,LIVRE,NAO,2026-08-08T21:37:28,SIM,SIM
noumoly,CVVCV_ly,3,LIVRE,LIVRE,NAO,2026-08-08T21:37:28,SIM,SIM
buuculy,CVVCV_ly,3,LIVRE,LIVRE,NAO,2026-08-08T21:37:28,SIM,SIM
zearuly,CVVCV_ly,3,LIVRE,LIVRE,NAO,2026-08-08T21:37:28,SIM,SIM
miofely,CVVCV_ly,3,LIVRE,LIVRE,NAO,2026-08-08T21:37:28,SIM,SIM
foelely,CVVCV_ly,3,LIVRE,LIVRE,NAO,2026-08-08T21:37:28,SIM,SIM
boanily,CVVCV_ly,3,LIVRE,LIVRE,NAO,2026-08-08T21:37:28,SIM,SIM
ciaruly,CVVCV_ly,3,LIVRE,LIVRE,NAO,2026-08-08T21:37:28,SIM,SIM
leimely,CVVCV_ly,3,LIVRE,LIVRE,NAO,2026-08-08T21:37:28,SIM,SIM
laecaly,CVVCV_ly,3,LIVRE,LIVRE,NAO,2026-08-08T21:37:28,SIM,SIM
caubuly,CVVCV_ly,3,LIVRE,LIVRE,NAO,2026-08-08T21:37:28,SIM,SIM
gaigely,CVVCV_ly,3,LIVRE,LIVRE,NAO,2026-08-08T21:37:28,SIM,SIM
ciiroly,CVVCV_ly,3,LIVRE,LIVRE,NAO,2026-08-08T21:37:28,SIM,SIM
neejely,CVVCV_ly,3,LIVRE,LIVRE,SIM,2026-08-08T21:37:28,SIM,SIM
laorily,CVVCV_ly,3,LIVRE,LIVRE,NAO,2026-08-08T21:37:28,SIM,SIM
buunely,CVVCV_ly,3,LIVRE,LIVRE,NAO,2026-08-08T21:38:55,SIM,SIM
tuefily,CVVCV_ly,3,LIVRE,LIVRE,NAO,2026-08-08T21:38:55,SIM,SIM
niijely,CVVCV_ly,3,LIVRE,LIVRE,SIM,2026-08-08T21:38:55,SIM,SIM
daelily,CVVCV_ly,3,LIVRE,LIVRE,NAO,2026-08-08T21:38:55,SIM,SIM
zuekuly,CVVCV_ly,3,LIVRE,LIVRE,NAO,2026-08-08T21:38:55,SIM,SIM
fuabely,CVVCV_ly,3,LIVRE,LIVRE,NAO,2026-08-08T21:38:55,SIM,SIM
piunaly,CVVCV_ly,3,LIVRE,LIVRE,NAO,2026-08-08T21:38:55,SIM,SIM
piofoly,CVVCV_ly,3,LIVRE,LIVRE,NAO,2026-08-08T21:38:55,SIM,SIM
noupaly,CVVCV_ly,3,LIVRE,LIVRE,NAO,2026-08-08T21:38:55,SIM,SIM
zuemoly,CVVCV_ly,3,LIVRE,LIVRE,NAO,2026-08-08T21:38:55,SIM,SIM
caaroly,CVVCV_ly,3,LIVRE,LIVRE,NAO,2026-08-08T21:38:55,SIM,SIM
noiduly,CVVCV_ly,3,LIVRE,LIVRE,NAO,2026-08-08T21:38:55,SIM,SIM
nuaraly,CVVCV_ly,3,LIVRE,LIVRE,NAO,2026-08-08T21:38:55,SIM,SIM
koidely,CVVCV_ly,3,LIVRE,LIVRE,NAO,2026-08-08T21:38:55,SIM,SIM
buanuly,CVVCV_ly,3,LIVRE,LIVRE,NAO,2026-08-08T21:38:55,SIM,SIM
fouculy,CVVCV_ly,3,LIVRE,LIVRE,NAO,2026-08-08T21:38:55,SIM,SIM
boujuly,CVVCV_ly,3,LIVRE,LIVRE,SIM,2026-08-08T21:38:55,SIM,SIM
neopuly,CVVCV_ly,3,LIVRE,LIVRE,NAO,2026-08-08T21:38:55,SIM,SIM
veujuly,CVVCV_ly,3,LIVRE,LIVRE,SIM,2026-08-08T21:38:55,SIM,SIM
deakuly,CVVCV_ly,3,LIVRE,LIVRE,NAO,2026-08-08T21:38:55,SIM,SIM
guinuly,CVVCV_ly,3,LIVRE,LIVRE,NAO,2026-08-08T21:38:55,SIM,SIM
laelily,CVVCV_ly,3,LIVRE,LIVRE,NAO,2026-08-08T21:38:55,SIM,SIM
naiboly,CVVCV_ly,3,LIVRE,LIVRE,NAO,2026-08-08T21:38:55,SIM,SIM
cuozoly,CVVCV_ly,3,LIVRE,LIVRE,NAO,2026-08-08T21:38:55,SIM,SIM
opribo,VCVCV_omada,3,LIVRE,LIVRE,NAO,2026-08-09T19:29:04,SIM,SIM
ipluce,VCVCV_omada,3,LIVRE,LIVRE,NAO,2026-08-09T19:29:04,SIM,SIM
oclapo,VCVCV_omada,3,LIVRE,LIVRE,NAO,2026-08-09T19:29:04,SIM,SIM
ugije,VCVCV_omada,3,LIVRE,LIVRE,SIM,2026-08-09T19:29:04,SIM,SIM
abrepu,VCVCV_omada,3,LIVRE,LIVRE,NAO,2026-08-09T19:29:04,SIM,SIM
iflunu,VCVCV_omada,3,LIVRE,LIVRE,NAO,2026-08-09T19:29:04,SIM,SIM
aflilo,VCVCV_omada,3,LIVRE,LIVRE,NAO,2026-08-09T19:29:04,SIM,SIM
ovubu,VCVCV_omada,3,LIVRE,LIVRE,NAO,2026-08-09T19:29:04,SIM,SIM
oflino,VCVCV_omada,3,LIVRE,LIVRE,NAO,2026-08-09T19:29:04,SIM,SIM
ibreli,VCVCV_omada,3,LIVRE,LIVRE,NAO,2026-08-09T19:29:04,SIM,SIM
uclaza,VCVCV_omada,3,LIVRE,LIVRE,NAO,2026-08-09T19:29:50,SIM,SIM
ucuvi,VCVCV_omada,3,LIVRE,LIVRE,NAO,2026-08-09T19:29:50,SIM,SIM
apuvu,VCVCV_omada,3,LIVRE,LIVRE,NAO,2026-08-09T19:29:50,SIM,SIM
igeja,VCVCV_omada,3,LIVRE,LIVRE,SIM,2026-08-09T19:29:50,SIM,SIM
iclule,VCVCV_omada,3,LIVRE,LIVRE,NAO,2026-08-09T19:29:50,SIM,SIM
ocloso,VCVCV_omada,3,LIVRE,LIVRE,NAO,2026-08-09T19:29:50,SIM,SIM
ukefi,VCVCV_omada,3,LIVRE,LIVRE,NAO,2026-08-09T19:29:50,SIM,SIM
eflomu,VCVCV_omada,3,LIVRE,LIVRE,NAO,2026-08-09T19:29:50,SIM,SIM
ecluvu,VCVCV_omada,3,LIVRE,LIVRE,NAO,2026-08-09T19:38:50,SIM,SIM
oclure,VCVCV_omada,3,LIVRE,LIVRE,NAO,2026-08-09T19:38:50,SIM,SIM
ivrabo,VCVCV_omada,3,LIVRE,LIVRE,NAO,2026-08-09T19:38:50,SIM,SIM
ufruve,VCVCV_omada,3,LIVRE,LIVRE,NAO,2026-08-09T19:38:50,SIM,SIM
efrapi,VCVCV_omada,3,LIVRE,LIVRE,NAO,2026-08-09T19:38:50,SIM,SIM
ifliva,VCVCV_omada,3,LIVRE,LIVRE,NAO,2026-08-09T19:38:50,SIM,SIM
uprefo,VCVCV_omada,3,LIVRE,LIVRE,NAO,2026-08-09T19:38:50,SIM,SIM
ifrivi,VCVCV_omada,3,LIVRE,LIVRE,NAO,2026-08-09T19:38:50,SIM,SIM
ublevu,VCVCV_omada,3,LIVRE,LIVRE,NAO,2026-08-09T19:39:55,SIM,SIM
iblema,VCVCV_omada,3,LIVRE,LIVRE,NAO,2026-08-09T19:39:55,SIM,SIM
ublisi,VCVCV_omada,3,LIVRE,LIVRE,NAO,2026-08-09T19:39:55,SIM,SIM
ogreze,VCVCV_omada,3,LIVRE,LIVRE,NAO,2026-08-09T19:39:55,SIM,SIM
unopu,VCVCV_omada,3,LIVRE,LIVRE,NAO,2026-08-09T19:39:55,SIM,SIM
ofroka,VCVCV_omada,3,LIVRE,LIVRE,NAO,2026-08-09T19:39:55,SIM,SIM
ofoji,VCVCV_omada,3,LIVRE,LIVRE,SIM,2026-08-09T19:39:55,SIM,SIM
ucijo,VCVCV_omada,3,LIVRE,LIVRE,SIM,2026-08-09T21:24:56,SIM,SIM
aruje,VCVCV_omada,3,LIVRE,LIVRE,SIM,2026-08-09T21:24:56,SIM,SIM
egaje,VCVCV_omada,3,LIVRE,LIVRE,SIM,2026-08-09T21:24:56,SIM,SIM
naerep,CVVCVC_medio,2,LIVRE,LIVRE,NAO,2026-08-09T21:32:39,SIM,SIM
tuigup,CVVCVC_medio,2,LIVRE,LIVRE,NAO,2026-08-09T21:32:39,SIM,SIM
brealif,CVVCVC_medio,2,LIVRE,LIVRE,NAO,2026-08-09T21:32:39,SIM,SIM
miuzin,CVVCVC_medio,2,LIVRE,LIVRE,NAO,2026-08-09T21:32:39,SIM,SIM
dooruc,CVVCVC_medio,2,LIVRE,LIVRE,NAO,2026-08-09T21:32:39,SIM,SIM
paipam,CVVCVC_medio,2,LIVRE,LIVRE,NAO,2026-08-09T21:32:39,SIM,SIM
braijoc,CVVCVC_medio,2,LIVRE,LIVRE,SIM,2026-08-09T21:32:39,SIM,SIM
beucub,CVVCVC_medio,2,LIVRE,LIVRE,NAO,2026-08-09T21:32:39,SIM,SIM
fuibel,CVVCVC_medio,2,LIVRE,LIVRE,NAO,2026-08-09T21:32:39,SIM,SIM
nienir,CVVCVC_medio,2,LIVRE,LIVRE,NAO,2026-08-09T21:32:39,SIM,SIM
fuukav,CVVCVC_medio,2,LIVRE,LIVRE,NAO,2026-08-09T21:32:39,SIM,SIM
peudot,CVVCVC_medio,2,LIVRE,LIVRE,NAO,2026-08-09T21:32:39,SIM,SIM
vriopim,CVVCVC_medio,2,LIVRE,LIVRE,NAO,2026-08-09T21:32:39,SIM,SIM
caumid,CVVCVC_medio,2,LIVRE,LIVRE,NAO,2026-08-09T21:32:39,SIM,SIM
froomiv,CVVCVC_medio,2,LIVRE,LIVRE,NAO,2026-08-09T21:32:39,SIM,SIM
deabev,CVVCVC_medio,2,LIVRE,LIVRE,NAO,2026-08-09T21:32:39,SIM,SIM
giopud,CVVCVC_medio,2,LIVRE,LIVRE,NAO,2026-08-09T21:32:39,SIM,SIM
naelik,CVVCVC_medio,2,LIVRE,LIVRE,NAO,2026-08-09T21:32:39,SIM,SIM
fliebos,CVVCVC_medio,2,LIVRE,LIVRE,NAO,2026-08-09T21:32:39,SIM,SIM
jaulep,CVVCVC_medio,2,LIVRE,LIVRE,SIM,2026-08-09T21:32:39,SIM,SIM
laekur,CVVCVC_medio,2,LIVRE,LIVRE,NAO,2026-08-09T21:32:39,SIM,SIM
tiukob,CVVCVC_medio,2,LIVRE,LIVRE,NAO,2026-08-09T21:33:54,SIM,SIM
guacoz,CVVCVC_medio,2,LIVRE,LIVRE,NAO,2026-08-09T21:33:54,SIM,SIM
cleavem,CVVCVC_medio,2,LIVRE,LIVRE,NAO,2026-08-09T21:33:54,SIM,SIM
caenac,CVVCVC_medio,2,LIVRE,LIVRE,NAO,2026-08-09T21:33:54,SIM,SIM
poicuv,CVVCVC_medio,2,LIVRE,LIVRE,NAO,2026-08-09T21:33:54,SIM,SIM
ruesus,CVVCVC_medio,2,LIVRE,LIVRE,NAO,2026-08-09T21:33:54,SIM,SIM
ploimim,CVVCVC_medio,2,LIVRE,LIVRE,NAO,2026-08-09T21:33:54,SIM,SIM
flaejav,CVVCVC_medio,2,LIVRE,LIVRE,SIM,2026-08-09T21:33:54,SIM,SIM
poenib,CVVCVC_medio,2,LIVRE,LIVRE,NAO,2026-08-09T21:33:54,SIM,SIM
faonon,CVVCVC_medio,2,LIVRE,LIVRE,NAO,2026-08-09T21:33:54,SIM,SIM
boimis,CVVCVC_medio,2,LIVRE,LIVRE,NAO,2026-08-09T21:33:54,SIM,SIM
fluisis,CVVCVC_medio,2,LIVRE,LIVRE,NAO,2026-08-09T21:33:54,SIM,SIM
puopiv,CVVCVC_medio,2,LIVRE,LIVRE,NAO,2026-08-09T21:33:54,SIM,SIM
piucez,CVVCVC_medio,2,LIVRE,LIVRE,NAO,2026-08-09T21:33:54,SIM,SIM
pluusok,CVVCVC_medio,2,LIVRE,LIVRE,NAO,2026-08-09T21:33:54,SIM,SIM
brotora,RAIZ_ARVORE_menor,3,LIVRE,LIVRE,NAO,2026-08-12T12:03:22,SIM,SIM
aprej,VCVC_principal,2,LIVRE,LIVRE,SIM,2026-08-12T12:03:22,SIM,SIM
ogrib,VCVC_principal,2,LIVRE,LIVRE,NAO,2026-08-12T12:03:22,SIM,SIM
otruk,VCVC_principal,2,LIVRE,LIVRE,NAO,2026-08-12T12:10:09,SIM,SIM
efrav,VCVC_principal,2,LIVRE,LIVRE,NAO,2026-08-12T12:10:09,SIM,SIM
flovru,CVCV_principal,2,LIVRE,LIVRE,NAO,2026-08-12T13:08:18,SIM,SIM
