nome,data_verificacao,colisao_encontrada,nivel_risco,detalhes,fontes
Aion,2026-07-31,sim,alto,"Múltiplas empresas de healthtech/preventive-health já usam 'Aion': AION HealthTech (mental health AI), AION Biosystems (remote patient monitoring), AION Labs (biotech/pharma AI), além de marcas registradas 'AION' em classes médicas.","aionhealthtech.com; aionbiosystems.com; trademarkia.com/aion-98192320"
Itera,2026-07-31,sim,alto,"Itera ASA é empresa de consultoria de TI nórdica estabelecida desde 1993, com operações em múltiplos países; há também startup 'Itera' de hardware com US$12M captados. Nome já consolidado no setor de tecnologia.","en.wikipedia.org/wiki/Itera_ASA; pitchbook.com/profiles/company/762528-97"
Kairoa,2026-07-31,sim,medio,"'Kairoa Brewing Company' é uma cervejaria conhecida em San Diego (setor não relacionado). 'Kairo' é usado por software de despacho para motoristas. Risco de confusão direto é baixo (setores distintos) mas nome já ativo publicamente.","yelp.com/biz/kairoa-brewing-company-san-diego-6; kairoengine.com"
Duravia,2026-07-31,nao,baixo,"Nenhuma empresa, app ou marca relevante encontrada com o nome exato 'Duravia' nas buscas realizadas. Resultados próximos (Duravit, Dura Automotive) são apenas foneticamente similares, setores não relacionados.","busca Google sem correspondência direta"
Kindrel,2026-07-31,sim,alto,"Já existe um app chamado 'Kindrel' publicado na Apple App Store e Google Play, com proposta quase idêntica (conectar famílias/gerações). Colisão direta de nome E conceito.","play.google.com/store/apps/details?id=com.augusttechie.kindredmobileapp; apps.apple.com/in/app/kindrel/id6755649357; kindrel.com"
Astera,2026-07-31,sim,alto,"Astera Labs é fabricante de semicondutores listado na Nasdaq (bilhões em valuation); Astera Software é empresa de integração de dados usada por Fortune 500. Nome fortemente consolidado em tecnologia.","en.wikipedia.org/wiki/Astera_Labs; astera.com/company"
Cosmora,2026-07-31,sim,medio,"Já existe app 'Cosmora' (leitura psíquica/tarot) ativo na Google Play, além de empresas registradas com o nome na Índia. Setor diferente mas nome já em uso público como app de consumo.","play.google.com/store/apps/details?id=com.zenarkflow.cosmora; cosmora.app"
Velora,2026-07-31,sim,alto,"Nome extremamente saturado: app de trading, plataforma de RH com IA, app de bem-estar para salões, app de recompensas e startup de IA para construção civil usam 'Velora' ativamente.","velora-app.net; velorahr.com; velora.ai; play.google.com/store/apps/details?id=com.app.velora"
Sofira,2026-07-31,sim,medio,"'Groupe Sofira' (imobiliária francesa) e 'Sofira.dk' (consultoria dinamarquesa) são empresas ativas com o nome exato; existe também perfil 'Sofira AI' no LinkedIn, que pode indicar uso emergente em IA.","linkedin.com/company/sofira; linkedin.com/company/sofira-ai; sofira.dk"
Vakora,2026-07-31,sim,medio,"Vakora é marca ativa de e-commerce de produtos (vakora.in) e também usada em serviço de pedidos por WhatsApp. Presença comercial real, embora fora do setor de saúde.","vakora.in; vakora.shop"
Kaelis,2026-07-31,sim,medio,"Kaelis World é empresa multinacional estabelecida (desde 1997) fornecendo produtos para companhias aéreas e ferrovias em mais de 50 países, sediada em Madrid. Setor diferente mas nome globalmente consolidado.","kaelis.world; linkedin.com/company/kaelisworld"
Auren,2026-07-31,sim,alto,"Colisão direta de setor: 'Auren' é app de IA para saúde mental/bem-estar da Elysian Labs (ativo, iOS/Android), além de Auren Health Inc, Auren Healthcare Pvt Ltd e Auren Fitness. Espaço de saúde/bem-estar já saturado com este nome.","auren.app; linkedin.com/company/auren-health-medicare; app.aurenfitness.com"
Trellis,2026-07-31,sim,alto,"Colisão direta e crítica: Trellis Health é plataforma de saúde materna com IA (gravidez/pós-parto), com app publicado, branding profissional recente e captação. Também há marca registrada TRELLIS para dispositivo médico (Covidien). Concorrente quase idêntico ao produto do usuário.","apps.apple.com/us/app/trellis-health/id6449686201; jointrellishealth.com; uspto.report/TM/76139624"
Aevora,2026-07-31,sim,medio,"Múltiplos usos ativos: empresa de cibersegurança 'Aevora', app 'Aevora' (simulador de decisões de vida com IA) e 'Aevora Technologies' (CRM/ERP/IA). Setor de tecnologia geral, não saúde diretamente, mas nome já em uso ativo por produto de IA.","aevora.com; devpost.com/software/aevora; aevoratechnologies.com"
Viora,2026-07-31,sim,alto,"Colisão direta de setor: 'Viora Health' é empresa de wellness/tecnologia para engajamento em saúde; outra 'Viora' é plataforma de bem-estar mental com IA (monitoramento emocional). Ambas no mesmo espaço do produto do usuário.","viorahealth.com; dealroom.co/companies/viora_health"
Merisa,2026-07-31,sim,baixo,"Uso predominante como nome de bebê e app pequeno de lista de desejos; 'Merisa AG' é empresa de produtos de limpeza desde 1981 (setor não relacionado). Risco de colisão direta com produto de saúde é baixo.","apps.apple.com/us/app/wishlist-maker-merisa/id6755929238; merisa.ch"
Fionara,2026-07-31,nao,baixo,"Nenhuma empresa, app ou marca relevante encontrada com o nome exato 'Fionara'. Apenas páginas genéricas de 'significado de nome'.","busca Google sem correspondência direta"
Branora,2026-07-31,nao,baixo,"Nenhuma empresa, app ou marca relevante encontrada com o nome exato 'Branora'. Resultado mais próximo ('Branana') é foneticamente distinto.","busca Google sem correspondência direta"
Zentra,2026-07-31,sim,alto,"Nome saturado: app de acesso residencial (Allegion/Zentra Access, publicado), software de gestão de academias 'Zentra', app imobiliário 'Zentra' e datalogger 'ZENTRA' (METER Group). Múltiplos produtos ativos e publicados.","zentra.co; apps.apple.com/us/app/zentra-access/id1593437290; metergroup.com/zentra-mobile-apps"
Lucenta,2026-07-31,sim,alto,"'Lucenta Solutions' é empresa de desenvolvimento de software (web/mobile) estabelecida, atuando inclusive em clientes de saúde e bem-estar. Presença global consolidada em tecnologia.","lucentasolutions.com"
Novum,2026-07-31,sim,alto,"Colisão direta de setor: NovumHealth (saúde comportamental, EUA) e Novum Pharma (farmacêutica de dermatologia) já usam o nome no setor de saúde. Há também marcas registradas 'NOVUM'.","zoominfo.com/c/novumhealth; linkedin.com/company/novum-pharma; trademarkia.com/novum-87834771"
Veraxa,2026-07-31,sim,alto,"Colisão direta e crítica: VERAXA Biotech é empresa de biotecnologia focada em terapias contra o câncer, com site ativo (veraxa.com) e acordos de licenciamento divulgados na imprensa farmacêutica.","veraxa.com; firstwordpharma.com/story/5856251"
Oriva,2026-07-31,sim,alto,"Colisão direta de setor: Oriva Life Sciences (farmacêutica indiana) e app 'Oriva' de mindfulness/bem-estar já publicado na App Store. Sobreposição direta com saúde e bem-estar.","indiamart.com/oriva-lifesciences; apps.apple.com/us/app/oriva/id6757975220"
Draumis,2026-07-31,nao,baixo,"Nenhuma empresa, app ou marca relevante encontrada com o nome exato 'Draumis'. Resultados retornados são de nomes apenas foneticamente próximos e não relacionados.","busca Google sem correspondência direta"
Ravora,2026-07-31,sim,medio,"'Ravora Apps' (estúdio criativo/dev na Índia, registrado em dez/2025) e 'Ravora AI'/'Ravora Ventures' já usam o nome ativamente no setor de tecnologia, embora sejam empresas pequenas/recentes.","ravoraapps.tech; ravora.ai; tracxn.com/d/legal-entities/india/ravora-apps"
Darava,2026-07-31,sim,medio,"Diversas empresas pequenas de consultoria/tecnologia usam 'Darava' (Darava Consulting Ltd - Escócia, Darava LLC - EUA, darava.co.uk - consultoria fracionada fintech/SaaS). Nenhuma no setor de saúde diretamente.","darava.co.uk; find-and-update.company-information.service.gov.uk/company/SC787846"
Nuvara,2026-07-31,sim,alto,"Colisão direta e crítica: Nuvara é empresa de dispositivos médicos hospitalares estabelecida (evolução de empresa de 60 anos), com produtos ativos de gestão de emergência e inventário hospitalar.","nuvara.com; cbinsights.com/company/nuvara"
Kelara,2026-07-31,sim,medio,"'Kelara Shoes' (marca de calçados) e 'Kelara LLC' (consultoria) usam o nome ativamente, mas em setores não relacionados à saúde.","crunchbase.com/organization/kelara-shoes; kelaraconsultants.com"
Solvara,2026-07-31,sim,medio,"Múltiplos usos ativos: 'Solvara Tech' (IA/desenvolvimento), app 'Solvara' de journaling/reflexão (adjacente a bem-estar mental), 'Solvara Limited' (UK). Setor de tecnologia geral com alguma proximidade a bem-estar.","solvaratech.com; apps.apple.com/au/app/solvara/id6761028492"
Belora,2026-07-31,sim,medio,"'Belora Cosmetics' é marca de cosméticos financiada (US$3.57M captados), certificada MADE SAFE, com presença na Europa e Ásia. Setor de beleza, não saúde diretamente, mas marca de consumo relevante.","zoominfo.com/c/belora-cosmetics; crunchbase.com/organization/belora-cosmetics"
Torcis,2026-07-31,nao,baixo,"Nenhuma empresa, app ou marca ativa encontrada com o nome exato 'Torcis'. Único resultado relevante é referência a sobrenome/brasão de família.","houseofnames.com/torcis-family-crest"
Sorenta,2026-07-31,sim,medio,"'Sorenta Compare' (comparador financeiro B2B no Reino Unido) e 'Sorenta Labs' (token cripto/IA) usam o nome ativamente, em setores não relacionados a saúde.","sorentacompare.com; dnb.com/business-directory/company-profiles.sorenta"
Solvenne,2026-07-31,nao,baixo,"Nenhuma correspondência exata encontrada. Existe empresa de grafia próxima 'Solvenna' (consultoria de dados nos EUA), foneticamente parecida mas não idêntica — risco baixo, vale checar registro de marca antes de decisão final.","crunchbase.com/organization/solvenna"
Thallora,2026-07-31,sim,medio,"'Thallora.com' é serviço ativo de marketing que conecta empresas a estudantes ('torne-se Thallorian'). Colisão exata de nome, porém negócio pequeno/nicho e fora do setor de saúde.","thallora.com"
Ljosa,2026-07-31,sim,baixo,"'Ljosa.com' é pequena empresa do setor de cinemas (5-9 funcionários) e também sobrenome de pessoa (Vebjorn Ljosa). Presença mínima, setor não relacionado, risco baixo.","zoominfo.com/c/ljosacom; linkedin.com/in/ljosa"
Heimora,2026-07-31,sim,alto,"'Heimora' é plataforma ativa de tecnologia imobiliária/fintech na Suíça (heimora.ch), com proposta de compra compartilhada de imóveis. Marca de consumo real e ativa, ainda que fora do setor de saúde.","heimora.ch"
Ardis,2026-07-31,sim,alto,"Colisão direta e crítica: 'Ardis Health' (empresa de saúde digital, Nova York), 'ARDiS Medical' (startup de diagnóstico de saúde pélvica) e 'ARDI App' (app de saúde/seguros) — múltiplas colisões diretas no setor de saúde.","linkedin.com/company/ardis-health; galilofek.com/ardis-medical; apps.apple.com/us/app/ardi-app/id6742507228"
Vaelis,2026-07-31,sim,medio,"'Vaelis IT' (serviços gerenciados de TI, Austrália), 'Vaelis B.V.' (consultoria holandesa) e app 'Vaelis' (vídeo com IA) usam o nome ativamente em tecnologia geral.","clutch.co/profile/vaelis-it-0; apps.apple.com/us/app/vaelis-ai-video-cinematic/id6781151948"
Ghelan,2026-07-31,nao,baixo,"Nenhuma empresa, app ou marca ativa encontrada com o nome exato 'Ghelan'. Resultado mais próximo (Ghelamco) é foneticamente distinto e de outro setor (imobiliário belga).","busca Google sem correspondência direta"
Kreova,2026-07-31,sim,alto,"'Kreova Tech LLC' é desenvolvedora de apps ativa desde 2013 com apps de grande escala (5M+ instalações), além de 'Kreova' plataforma de IA criativa e agência de web design. Nome saturado em tecnologia.","kreovatech.com; kreova.co; play.google.com/store/apps/developer?id=KREOVA+TECH+LLC"
Verano,2026-07-31,sim,alto,"Colisão direta e crítica: 'Verano Health' é plataforma de saúde digital (telessaúde para diabetes/doenças crônicas), financiada pela Y Combinator e adquirida pela CareMessage — concorrente direto do setor. Some-se o risco de falso cognato ('verano'=verão em espanhol).","ycombinator.com/companies/verano-health; crunchbase.com/organization/verano-health"
